{
  "server": "127.0.0.1:27615",
  "namespace": "vfx.show.001.full",
  "results": [
    {
      "name": "grpc_node_get_task_1_0",
      "count": 500,
      "mean_ms": 3.4936963519999997,
      "p50_ms": 3.268479,
      "p90_ms": 5.1695914,
      "p95_ms": 5.642154199999996,
      "p99_ms": 6.668274999999998
    },
    {
      "name": "grpc_find_task_unique_code",
      "count": 200,
      "mean_ms": 9.910619615,
      "p50_ms": 9.592292,
      "p90_ms": 12.743500300000001,
      "p95_ms": 14.222946449999998,
      "p99_ms": 17.275459259999998
    },
    {
      "name": "grpc_find_task_stage_comp",
      "count": 100,
      "mean_ms": 829.0801908500001,
      "p50_ms": 828.053229,
      "p90_ms": 903.8771164000001,
      "p95_ms": 943.51986425,
      "p99_ms": 997.3008155000002
    },
    {
      "name": "grpc_find_task_stage_or",
      "count": 100,
      "mean_ms": 1137.71015373,
      "p50_ms": 1141.2981249999998,
      "p90_ms": 1218.9568589,
      "p95_ms": 1254.6944264499998,
      "p99_ms": 1316.1914446700002
    }
  ]
}