{
  "server": "127.0.0.1:27615",
  "namespace": "vfx.show.001.full",
  "cache_enabled": false,
  "results": [
    {
      "name": "grpc_traverse_1hop_has_task_from_Shot_1_0",
      "count": 200,
      "mean_ms": 13.47138314,
      "p50_ms": 13.478957999999999,
      "p90_ms": 17.2530455,
      "p95_ms": 18.733181249999998,
      "p99_ms": 21.097111499999986,
      "result_count_min": 4,
      "result_count_max": 4,
      "result_count_mean": 4.0
    },
    {
      "name": "grpc_traverse_1hop_has_asset_from_Show_1_0",
      "count": 50,
      "mean_ms": 82.5590733,
      "p50_ms": 81.50506250000001,
      "p90_ms": 89.0511041,
      "p95_ms": 90.62558095,
      "p99_ms": 96.51554941999999,
      "result_count_min": 500,
      "result_count_max": 500,
      "result_count_mean": 500.0
    }
  ]
}