{
  "edge_list": {
    "count": 30,
    "mean": 32.810740233333334,
    "p50": 33.666833,
    "p95": 36.62795395,
    "p99": 37.44718939,
    "rows_mean": 500.0,
    "rows_min": 500,
    "rows_max": 500
  },
  "traverse": {
    "count": 30,
    "mean": 82.8595555,
    "p50": 80.1511665,
    "p95": 95.71061044999999,
    "p99": 104.48477968,
    "rows_mean": 500.0,
    "rows_min": 500,
    "rows_max": 500
  },
  "delta_mean_ms": 50.048815266666665
}