{
  "results": [
    {
      "name": "parallel_fanout_20x_eq_workers4",
      "count": 100,
      "mean_ms": 44.55412915,
      "p50_ms": 41.9804165,
      "p90_ms": 56.3984292,
      "p95_ms": 63.905945499999994,
      "p99_ms": 73.24670733000006
    },
    {
      "name": "parallel_fanout_20x_eq_workers8",
      "count": 100,
      "mean_ms": 22.508496660000002,
      "p50_ms": 21.5659585,
      "p90_ms": 26.6999128,
      "p95_ms": 28.823116650000003,
      "p99_ms": 33.11529824000006
    },
    {
      "name": "parallel_fanout_20x_eq_workers16",
      "count": 100,
      "mean_ms": 14.74118871,
      "p50_ms": 14.599645500000001,
      "p90_ms": 17.441033400000002,
      "p95_ms": 17.94987085,
      "p99_ms": 21.635461670000005
    }
  ]
}