{
  "edge_list": {
    "count": 50,
    "mean": 1411.902035,
    "p50": 1297.656646,
    "p95": 1936.58447675,
    "p99": 2054.5396681699995,
    "rows_mean": 500.0
  },
  "traverse": {
    "count": 50,
    "mean": 1729.5661816000002,
    "p50": 1434.6400415,
    "p95": 3195.292279049999,
    "p99": 3727.2798449999996,
    "rows_mean": 500.0
  },
  "delta_mean_ms": 317.6641466000001
}