{
  "server": "127.0.0.1:27615",
  "namespace": "vfx.show.001.full",
  "result": {
    "name": "grpc_traverse_1hop_has_task_from_Shot_1_0",
    "count": 200,
    "mean_ms": 23.962548554999998,
    "p50_ms": 23.458521,
    "p90_ms": 30.5707708,
    "p95_ms": 32.9163878,
    "p99_ms": 36.49219875,
    "result_count_min": 4,
    "result_count_max": 4,
    "result_count_mean": 4.0
  }
}