{
  "edge_list": {
    "count": 30,
    "mean": 19.20257773333333,
    "p50": 19.071645500000002,
    "p95": 22.15765015,
    "p99": 28.142881250000006,
    "rows_mean": 227.0
  },
  "traverse": {
    "count": 30,
    "mean": 53.45456803333333,
    "p50": 52.144146000000006,
    "p95": 66.17508124999999,
    "p99": 68.57197214,
    "rows_mean": 227.0
  },
  "delta_mean_ms": 34.2519903
}