{
  "server": "127.0.0.1:27615",
  "namespace": "vfx.show.001.full",
  "cache_enabled": false,
  "results": [
    {
      "name": "grpc_traverse_1hop_has_task_from_Shot_1_0",
      "count": 200,
      "requested_runs": 200,
      "errors": 0,
      "attempts_total": 200,
      "mean_ms": 19.96889149,
      "p50_ms": 19.862354,
      "p90_ms": 24.4911494,
      "p95_ms": 25.68389199999999,
      "p99_ms": 32.599365829999975,
      "result_count_min": 4,
      "result_count_max": 4,
      "result_count_mean": 4.0
    },
    {
      "name": "grpc_traverse_1hop_has_asset_from_Show_1_0",
      "count": 50,
      "requested_runs": 50,
      "errors": 0,
      "attempts_total": 50,
      "mean_ms": 1354.46969424,
      "p50_ms": 1346.3845205,
      "p90_ms": 1491.1933923,
      "p95_ms": 1507.6283606,
      "p99_ms": 1648.6592162499996,
      "result_count_min": 500,
      "result_count_max": 500,
      "result_count_mean": 500.0
    }
  ]
}