{
  "namespace": "vfx.show.001.full",
  "workers": 32,
  "ops": {
    "point": 400,
    "find": 400,
    "total": 800
  },
  "elapsed_s": 0.2019483339972794,
  "throughput_ops_s": 3961.4092583243464,
  "point_ms": {
    "p50": 5.492062499999999,
    "p95": 9.954303549999999,
    "p99": 11.551092089999996
  },
  "find_ms": {
    "p50": 9.6063335,
    "p95": 11.631271149999995,
    "p99": 13.590229169999997
  },
  "find_result_count": {
    "min": 1,
    "max": 1,
    "mean": 1.0
  }
}