{
  "namespace": "vfx.show.001.full",
  "codes_count": 20,
  "results": [
    {
      "name": "single_or_20_codes",
      "count": 100,
      "mean_ms": 167.74834579999998,
      "p50_ms": 163.0691665,
      "p90_ms": 187.7644914,
      "p95_ms": 192.44136519999995,
      "p99_ms": 262.6765587500001
    },
    {
      "name": "parallel_fanout_20x_eq_workers8",
      "count": 100,
      "mean_ms": 21.863803779999998,
      "p50_ms": 21.3926245,
      "p90_ms": 24.7018375,
      "p95_ms": 27.5926268,
      "p99_ms": 37.193252580000006
    }
  ]
}