{
  "namespace": "vfx.show.001.full",
  "workers": 16,
  "ops": {
    "point": 120,
    "find": 120,
    "total": 240
  },
  "elapsed_s": 8.148898208979517,
  "throughput_ops_s": 29.451834327189992,
  "point_ms": {
    "p50": 4.918521,
    "p95": 9.124585399999999,
    "p99": 9.75337673
  },
  "find_ms": {
    "p50": 1011.7359369999999,
    "p95": 1169.3358809499998,
    "p99": 1173.37596696
  },
  "find_result_count": {
    "min": 360,
    "max": 360,
    "mean": 360.0
  }
}