{
  "server": "127.0.0.1:27615",
  "namespace": "vfx.show.001.full",
  "cache_enabled": false,
  "results": [
    {
      "name": "grpc_traverse_1hop_has_task_from_Shot_1_0",
      "count": 200,
      "mean_ms": 16.101576035,
      "p50_ms": 15.8858955,
      "p90_ms": 20.7216372,
      "p95_ms": 22.9547997,
      "p99_ms": 25.619891159999995,
      "result_count_min": 4,
      "result_count_max": 4,
      "result_count_mean": 4.0
    },
    {
      "name": "grpc_traverse_1hop_has_asset_from_Show_1_0",
      "count": 50,
      "mean_ms": 83.97885994,
      "p50_ms": 83.618375,
      "p90_ms": 90.6140458,
      "p95_ms": 91.92657295,
      "p99_ms": 95.43855624999999,
      "result_count_min": 500,
      "result_count_max": 500,
      "result_count_mean": 500.0
    }
  ]
}