{
  "server": "127.0.0.1:27615",
  "namespace": "vfx.show.001.full",
  "results": [
    {
      "name": "grpc_traverse_1hop_has_task_from_Shot_1_0",
      "count": 200,
      "mean_ms": 26.159765025000002,
      "p50_ms": 25.669166500000003,
      "p90_ms": 32.8398,
      "p95_ms": 34.028748549999996,
      "p99_ms": 38.557496249999964,
      "result_count_min": 4,
      "result_count_max": 4,
      "result_count_mean": 4.0
    },
    {
      "name": "grpc_traverse_2hop_has_task_from_Shot_1_0",
      "count": 200,
      "mean_ms": 27.78876898,
      "p50_ms": 26.8537085,
      "p90_ms": 33.6767212,
      "p95_ms": 35.49850479999999,
      "p99_ms": 42.47606008999999,
      "result_count_min": 4,
      "result_count_max": 4,
      "result_count_mean": 4.0
    }
  ]
}