{
  "strong": {
    "mean_ms": 3.3267813580000003,
    "p50_ms": 2.9660205,
    "p90_ms": 5.0340669,
    "p95_ms": 5.6362976,
    "p99_ms": 7.998199579999995
  },
  "session": {
    "mean_ms": 5.456290252,
    "p50_ms": 4.5471045,
    "p90_ms": 8.4065334,
    "p95_ms": 9.715269100000002,
    "p99_ms": 15.603674499999999
  },
  "eventual": {
    "mean_ms": 5.88482267,
    "p50_ms": 5.496646,
    "p90_ms": 7.842924700000002,
    "p95_ms": 9.685857700000001,
    "p99_ms": 15.811873749999998
  }
}